scenario,volume_inicial,year,energy_total,volume_final,status
Muy_Seco,800.0,1980,4613.61234461241,2565.093021368942,OK
Muy_Seco,800.0,1981,3797.0165161408268,2088.9868829542975,OK
Muy_Seco,800.0,1982,5068.178798039458,2852.6080826033035,OK
Muy_Seco,800.0,1983,3399.569485312566,1727.0970015561604,OK
Muy_Seco,800.0,1984,4075.1353903381146,2301.10820665336,OK
Muy_Seco,800.0,1985,3554.7172166619307,1847.011849984289,OK
Muy_Seco,800.0,1986,4381.64907515895,2469.3541428862613,OK
Muy_Seco,800.0,1987,3952.9803233838998,2070.848327896217,OK
Muy_Seco,800.0,1988,3535.10869636111,1704.9131671487673,OK
Muy_Seco,800.0,1989,2964.1181847598737,1462.497749927277,OK
Muy_Seco,800.0,1990,3376.603778844151,1602.028561014456,OK
Muy_Seco,800.0,1991,4147.436638894546,2234.4509905905743,OK
Muy_Seco,800.0,1992,4440.064979571232,2331.699168967517,OK
Muy_Seco,800.0,1993,4897.914916765918,2771.6796060003894,OK
Muy_Seco,800.0,1994,4044.58790442983,2170.6742256446832,OK
Muy_Seco,800.0,1995,3514.568014317815,1855.333267466517,OK
Muy_Seco,800.0,1996,4088.7710847346866,2176.51481491523,OK
Muy_Seco,800.0,1997,4647.712371378547,2649.8986198076627,OK
Muy_Seco,800.0,1998,2149.0205156185098,888.9449591738751,OK
Muy_Seco,800.0,1999,3442.199728803311,1845.731853648736,OK
Muy_Seco,800.0,2000,4425.673808882543,2423.214715240056,OK
Muy_Seco,800.0,2001,4270.442808180364,2529.560848698962,OK
Muy_Seco,800.0,2002,4646.2144133569855,2639.77238326731,OK
Muy_Seco,800.0,2003,3420.350979866504,1807.725775214784,OK
Muy_Seco,800.0,2004,3524.586687215344,1789.3811130697338,OK
Muy_Seco,800.0,2005,4301.129393724324,2426.2781510837926,OK
Muy_Seco,800.0,2006,4403.418870368702,2589.4140119209383,OK
Muy_Seco,800.0,2007,2751.179340226629,1343.5762312326149,OK
Muy_Seco,800.0,2008,3581.0393959466146,1890.0553410963778,OK
Muy_Seco,800.0,2009,4028.229017114094,2082.143964118113,OK
Muy_Seco,800.0,2010,2872.651685128339,1374.6896601436854,OK
Muy_Seco,800.0,2011,3558.0355894591794,1811.7020553362968,OK
Muy_Seco,800.0,2012,3038.637413912202,1360.6238698852148,OK
Muy_Seco,800.0,2013,3182.359869012782,1683.9377094994575,OK
Muy_Seco,800.0,2014,3599.077996699447,1917.4859460484595,OK
Muy_Seco,800.0,2015,3267.5399217110316,1789.3976308851097,OK
Muy_Seco,800.0,2016,2974.5677752956867,1005.3943127663819,OK
Muy_Seco,800.0,2017,3469.1173086744557,1736.8378756009542,OK
Muy_Seco,800.0,2018,3306.1039751040503,1688.0816555184053,OK
Muy_Seco,800.0,2019,3024.8350229467837,1558.2050564051106,OK
Muy_Seco,800.0,2020,3048.93955898732,1414.2410355627326,OK
Seco,1000.0,1980,4772.536839555029,2706.316885486695,OK
Seco,1000.0,1981,3883.031512154448,2248.6225871002684,OK
Seco,1000.0,1982,5144.895948492582,3013.9010252264393,OK
Seco,1000.0,1983,3484.9724230282695,1887.3655722704443,OK
Seco,1000.0,1984,4159.138081320699,2461.769779158355,OK
Seco,1000.0,1985,3715.709592108528,1988.0310931167528,OK
Seco,1000.0,1986,4505.282918785047,2617.492250240886,OK
Seco,1000.0,1987,4038.800398943337,2230.6323357020756,OK
Seco,1000.0,1988,3621.0651364701293,1864.9224593848821,OK
Seco,1000.0,1989,3128.680031845476,1602.398438171806,OK
Seco,1000.0,1990,3460.8646328581435,1762.218170320671,OK
Seco,1000.0,1991,4310.087879821923,2374.1691708609064,OK
Seco,1000.0,1992,4520.317154339157,2492.514361130176,OK
Seco,1000.0,1993,5035.191044704519,2916.3533975169466,OK
Seco,1000.0,1994,4163.71811936024,2322.187825634388,OK
Seco,1000.0,1995,3602.7389449739294,2014.9432837745085,OK
Seco,1000.0,1996,4170.533605858383,2337.261691616236,OK
Seco,1000.0,1997,4808.969364255996,2789.543614345247,OK
Seco,1000.0,1998,2313.8188269334973,1027.290213288729,OK
Seco,1000.0,1999,3530.2671349380707,2005.06261486056,OK
Seco,1000.0,2000,4510.5460178839885,2582.812435183459,OK
Seco,1000.0,2001,4373.307954344215,2684.104772587097,OK
Seco,1000.0,2002,4725.805346667532,2800.9173664096134,OK
Seco,1000.0,2003,3584.8922409729366,1947.533082329635,OK
Seco,1000.0,2004,3612.797818972035,1948.9692705034713,OK
Seco,1000.0,2005,4468.370268807365,2564.3407656779736,OK
Seco,1000.0,2006,4488.081880809891,2748.9471493585665,OK
Seco,1000.0,2007,2837.748804689909,1503.2407644999153,OK
Seco,1000.0,2008,3668.829987713134,2049.7297600294823,OK
Seco,1000.0,2009,4113.580959742698,2242.493218765338,OK
Seco,1000.0,2010,3038.3974265873685,1514.2862543434026,OK
Seco,1000.0,2011,3643.822884623874,1971.8145921793196,OK
Seco,1000.0,2012,3189.269854718539,1504.6588924104922,OK
Seco,1000.0,2013,3271.187005693417,1843.190921524781,OK
Seco,1000.0,2014,3687.0565251327166,2076.8487138724627,OK
Seco,1000.0,2015,3353.266585656984,1949.4598286343996,OK
Seco,1000.0,2016,3064.7675077938693,1163.9011920121634,OK
Seco,1000.0,2017,3554.7550660419074,1896.749780038426,OK
Seco,1000.0,2018,3394.7211926484392,1847.4490085968491,OK
Seco,1000.0,2019,3113.6697601704805,1717.4541357246226,OK
Seco,1000.0,2020,3135.2382884533713,1573.9902305911123,OK
Normal,1400.0,1980,7418.647823260036,2279.8271644724755,OK
Normal,1400.0,1981,6612.333408465728,1768.069925685122,OK
Normal,1400.0,1982,7673.73053607342,2628.6701282160825,OK
Normal,1400.0,1983,6118.662777669322,1481.7270469105367,OK
Normal,1400.0,1984,6782.056875477816,2054.638756883271,OK
Normal,1400.0,1985,6352.641078161647,1580.6935890486648,OK
Normal,1400.0,1986,7152.976806590278,2207.863919887017,OK
Normal,1400.0,1987,6738.78952229989,1806.0255531824714,OK
Normal,1400.0,1988,6265.113255336651,1454.3667700193346,OK
Normal,1400.0,1989,5741.0315892301405,1168.6983304813882,OK
Normal,1400.0,1990,6074.358860585167,1351.1659259677276,OK
Normal,1400.0,1991,6904.877216442896,1939.9053956646042,OK
Normal,1400.0,1992,7104.168891819928,2069.2246784385775,OK
Normal,1400.0,1993,7607.062817005866,2530.6964404345467,OK
Normal,1400.0,1994,6765.53142334097,1897.0231474390291,OK
Normal,1400.0,1995,6281.721831448102,1578.4911746153832,OK
Normal,1400.0,1996,6811.903459252417,1933.1036795495081,OK
Normal,1400.0,1997,7394.907771123403,2368.8528635178122,OK
Normal,1400.0,1998,4904.664076603273,615.5717483709813,OK
Normal,1400.0,1999,6183.8733158938785,1567.822997492287,OK
Normal,1400.0,2000,7196.494378554984,2165.0517204634034,OK
Normal,1400.0,2001,7019.248916595111,2238.7307339258155,OK
Normal,1400.0,2002,7382.154168361654,2378.241007026219,OK
Normal,1400.0,2003,6197.065146137375,1512.4526438296418,OK
Normal,1400.0,2004,6306.766359220733,1495.8765868359842,OK
Normal,1400.0,2005,7101.200042568075,2158.346431252956,OK
Normal,1400.0,2006,7165.873327569772,2319.3305124595636,OK
Normal,1400.0,2007,5513.984506287296,1060.6730315686991,OK
Normal,1400.0,2008,6405.958977565291,1592.9082354863253,OK
Normal,1400.0,2009,6729.119932035037,1842.0637076202675,OK
Normal,1400.0,2010,5681.9641516058055,1105.3754176394991,OK
Normal,1400.0,2011,6287.284756152916,1557.492865160599,OK
Normal,1400.0,2012,5878.199374667031,1065.4918014966156,OK
Normal,1400.0,2013,5967.490214093562,1400.5655336656635,OK
Normal,1400.0,2014,6394.372961486145,1620.9845747173567,OK
Normal,1400.0,2015,6057.637386836559,1484.0297931845723,OK
Normal,1400.0,2016,5740.605092591834,725.7220563346405,OK
Normal,1400.0,2017,6172.5566595837545,1487.440071244631,OK
Normal,1400.0,2018,5988.588935473034,1369.103774032951,OK
Normal,1400.0,2019,5824.653582818163,1262.7863699139716,OK
Normal,1400.0,2020,5759.253992218269,1134.0466221139573,OK
Humedo,1800.0,1980,8298.433479792104,2370.354553498959,OK
Humedo,1800.0,1981,7499.365415879988,1880.6486615638255,OK
Humedo,1800.0,1982,8426.118514219732,2704.3212293163606,OK
Humedo,1800.0,1983,6999.7255345092835,1560.3656912878364,OK
Humedo,1800.0,1984,7605.84810898061,2146.900194071366,OK
Humedo,1800.0,1985,7235.945976014361,1691.1963036578122,OK
Humedo,1800.0,1986,7949.291803540615,2289.654298270437,OK
Humedo,1800.0,1987,7565.742026365759,1923.9703024421747,OK
Humedo,1800.0,1988,7069.909171046399,1508.1205434916274,OK
Humedo,1800.0,1989,6643.1872356744725,1274.5750218416115,OK
Humedo,1800.0,1990,6935.803390651977,1431.3041103970847,OK
Humedo,1800.0,1991,7744.158487997478,2027.066858101255,OK
Humedo,1800.0,1992,7990.66795346693,2166.031812682789,OK
Humedo,1800.0,1993,8453.885058554915,2596.848169178048,OK
Humedo,1800.0,1994,7626.592675912708,1997.8327397210946,OK
Humedo,1800.0,1995,7143.724676079813,1707.0125308341849,OK
Humedo,1800.0,1996,7604.753564323882,2037.8023832875365,OK
Humedo,1800.0,1997,8222.070527229449,2461.5728051194365,OK
Humedo,1800.0,1998,5576.212356817344,783.6384881681685,OK
Humedo,1800.0,1999,7031.288806682454,1668.0705774383941,OK
Humedo,1800.0,2000,8013.685705263585,2253.164069730481,OK
Humedo,1800.0,2001,7915.942858686368,2365.4461565761635,OK
Humedo,1800.0,2002,8116.569699108399,2509.3259926429982,OK
Humedo,1800.0,2003,7090.127101679415,1621.6489253783136,OK
Humedo,1800.0,2004,7187.3445336529,1610.919095840377,OK
Humedo,1800.0,2005,7961.940353135342,2240.755959922764,OK
Humedo,1800.0,2006,8009.312725261709,2433.0553233044084,OK
Humedo,1800.0,2007,6406.335421494664,1171.761450329655,OK
Humedo,1800.0,2008,7295.68588268876,1681.2388191015489,OK
Humedo,1800.0,2009,7628.993505876691,1935.6303858540837,OK
Humedo,1800.0,2010,6560.875014225106,1188.8688525015054,OK
Humedo,1800.0,2011,7111.563065947824,1642.890200003107,OK
Humedo,1800.0,2012,6720.538360136464,1187.0741937199007,OK
Humedo,1800.0,2013,6860.4501462036815,1484.430840283743,OK
Humedo,1800.0,2014,7270.623277892629,1746.685971392682,OK
Humedo,1800.0,2015,6940.550088211237,1588.587198481596,OK
Humedo,1800.0,2016,6645.5017000324,830.6032621013693,OK
Humedo,1800.0,2017,6999.067412923152,1580.277298099209,OK
Humedo,1800.0,2018,6909.316402345242,1513.1949651973987,OK
Humedo,1800.0,2019,6703.2141289435895,1342.583022952063,OK
Humedo,1800.0,2020,6360.7337913860465,1321.8072151430365,OK
Muy_Humedo,2200.0,1980,10020.235574228765,2181.9105772439657,OK
Muy_Humedo,2200.0,1981,9378.073487902073,1715.5891655013356,OK
Muy_Humedo,2200.0,1982,10072.293625821798,2494.3627988146322,OK
Muy_Humedo,2200.0,1983,8878.144380287318,1366.9698677690608,OK
Muy_Humedo,2200.0,1984,9312.853770017935,1907.9732355729072,OK
Muy_Humedo,2200.0,1985,9086.3294386001,1474.265018387497,OK
Muy_Humedo,2200.0,1986,9781.405158156836,2087.8565741930906,OK
Muy_Humedo,2200.0,1987,9403.265756721448,1708.6400884272268,OK
Muy_Humedo,2200.0,1988,8946.715219294141,1321.856950818006,OK
Muy_Humedo,2200.0,1989,8495.172732267312,1088.857664384086,OK
Muy_Humedo,2200.0,1990,8840.473788423347,1246.554399795935,OK
Muy_Humedo,2200.0,1991,9618.064755187768,1844.907108955666,OK
Muy_Humedo,2200.0,1992,9764.31598236573,1954.1210521525293,OK
Muy_Humedo,2200.0,1993,10136.055321758575,2388.311597150461,OK
Muy_Humedo,2200.0,1994,9476.532568706525,1809.6935419214876,OK
Muy_Humedo,2200.0,1995,8991.186048313348,1507.1453288202088,OK
Muy_Humedo,2200.0,1996,9355.976556524165,1829.3486196901154,OK
Muy_Humedo,2200.0,1997,9989.912627216712,2280.1745982967823,OK
Muy_Humedo,2200.0,1998,7490.69029854821,585.3907343291592,OK
Muy_Humedo,2200.0,1999,8916.624876665317,1461.1111771071812,OK
Muy_Humedo,2200.0,2000,9783.854082409885,2046.717372691562,OK
Muy_Humedo,2200.0,2001,9736.602327428292,2157.7784650540325,OK
Muy_Humedo,2200.0,2002,9903.263412846816,2273.9170826359323,OK
Muy_Humedo,2200.0,2003,8928.661723696354,1433.741042057487,OK
Muy_Humedo,2200.0,2004,9042.828714902334,1411.2049414356884,OK
Muy_Humedo,2200.0,2005,9758.586253954243,2057.266863979245,OK
Muy_Humedo,2200.0,2006,9829.911667604945,2222.2753165719796,OK
Muy_Humedo,2200.0,2007,8300.38151880817,972.5716768524553,OK
Muy_Humedo,2200.0,2008,9167.483632845797,1494.45233722137,OK
Muy_Humedo,2200.0,2009,9417.576648979506,1735.629353560612,OK
Muy_Humedo,2200.0,2010,8435.783752506939,997.4571900177901,OK
Muy_Humedo,2200.0,2011,8973.060416195418,1456.603034044664,OK
Muy_Humedo,2200.0,2012,8540.732917938738,1000.4852488638502,OK
Muy_Humedo,2200.0,2013,8742.822644116415,1294.430990161992,OK
Muy_Humedo,2200.0,2014,9106.41619016983,1528.7237872752457,OK
Muy_Humedo,2200.0,2015,8799.452388751643,1405.1515371673936,OK
Muy_Humedo,2200.0,2016,8487.445862438144,630.4697064443133,OK
Muy_Humedo,2200.0,2017,8784.804493187614,1410.8429300292312,OK
Muy_Humedo,2200.0,2018,8696.749689575292,1306.3821595603476,OK
Muy_Humedo,2200.0,2019,8584.605755102039,1185.5186886729612,OK
Muy_Humedo,2200.0,2020,8183.421047522488,1147.2188432186053,OK
